{
    "name": "pf2e-shapeshifting",
    "title": "PF2e Shapeshifting",
    "description": "Macros to help facilitate shapeshifting in PF2e",
    "author": "drexl93",
    "version": "6.0.8",
    "minimumCoreVersion": "0.7.0",
    "compatibleCoreVersion": "0.7.7",
    "packs": [
        {
            "name": "PF2e Shapeshifting",
            "label": "PF2e Shapeshifting",
            "path": "packs/pf2e-shapeshifting.db",
            "entity": "Macro",
            "module": "pf2e-shapeshifting"
        }
    ],
    "url": "https://github.com/drexl93/pf2e-shapeshifting",
    "manifest": "https://raw.githubusercontent.com/drexl93/pf2e-shapeshifting/master/module.json",
    "download": "https://github.com/drexl93/pf2e-shapeshifting/raw/master/pf2e-shapeshifting.zip"
}